{"metadata":{"asset_id":"53ea1be6-4db7-43c7-81da-be000c2b0600","asset_attributes":["notebook"],"name":"final project","asset_type":"notebook","created_at":"2020-09-23T20:16:39Z","description":"","origin_country":"us","owner_id":"IBMid-550008B1RB","project_id":"240d2f8d-4529-4066-8733-7e599be9a9bd","size":207,"tags":["notebook"],"usage":{"last_update_time":1600892538341,"last_updated_at":"2020-09-23T20:22:18Z"}},"entity":{"notebook":{"kernel":{"name":"python3","display_name":"Python 3.6","language":"python"},"originates_from":{"type":"blank"},"runtime":{"environment":"conda2py36-240d2f8d-4529-4066-8733-7e599be9a9bd"}}},"attachments":[{"id":"6d965d7e-d667-4e6d-8898-3681d4ea0e7d","version":2,"asset_type":"notebook","name":"attachment for notebook 53ea1be6-4db7-43c7-81da-be000c2b0600","description":"attachment for notebook 53ea1be6-4db7-43c7-81da-be000c2b0600","mime":"application/json","datasource_type":"193a97c1-4475-4a19-b90c-295c4fdc6517","object_key":"notebook/final_project_BI9WsEv-A.ipynb","creator_id":"IBMid-550008B1RB","create_time":1600892199828,"size":207,"is_remote":false,"is_managed":false,"is_referenced":true,"is_object_key_read_only":false,"is_user_provided_path_key":true,"transfer_complete":true,"is_partitioned":false,"complete_time_ticks":1600892199828,"user_data":{},"test_doc":0,"handle":{"bucket":"capstone-donotdelete-pr-gz54ejc8ywt7ti","location":"eu-geo","key":"notebook/final_project_BI9WsEv-A.ipynb","upload_id":"done","max_part_num":1},"usage":{"access_count":0,"last_accessor_id":"IBMid-550008B1RB","last_access_time":1600892199828}}]}
